1=a, an indefinite article
2=abandon v.
3=abandoned adj.
4=ability n.
5=able adj.
6=unable adj.
7=about adv., prep.
8=above prep., adv.
9=abroad adv.
10=absence n.
11=absent adj.
12=absolute adj.
13=absolutely adv.
14=absorb v.
15=abuse n., v.
16=academic adj.
17=accent n.
18=accept v.
19=acceptable adj.
20=unacceptable adj.
21=access n.
22=accident n.
23=by accident
24=accidental adj.
25=accidentally adv.
26=accommodation n.
27=accompany v.
28=according to prep.
29=account n., v.
30=accurate adj.
31=accurately adv.
32=accuse v.
33=achieve v.
34=achievement n.
35=acid n.
36=acknowledge v.
37=acquire v.
38=across adv., prep.
39=act n., v.
40=action n.
41=take action
42=active adj.
43=actively adv.
44=activity n.
45=actor, actress n.
46=actual adj.
47=actually adv.
48=ad > advertisement
49=adapt v.
50=add v.
51=addition n.
52=in addition (to)
53=additional adj.
54=address n., v.
55=adequate adj.
56=adequately adv.
57=adjust v.
58=admiration n.
59=admire v.
60=admit v.
61=adopt v.
62=adult n., adj.
63=advance n., v.
64=advanced adj.
65=in advance
66=advantage n.
67=take advantage of
68=adventure n.
69=advertise v.
70=advertising n.
71=advertisement (also ad, advert) n.
72=advice n.
73=advise v.
74=affair n.
75=affect v.
76=affection n.
77=afford v.
78=afraid adj.
79=after prep., conj., adv.
80=afternoon n.
81=afterwards (especially BrE; NAmE usually afterward) adv.
82=again adv.
83=against prep.
84=age n.
85=aged adj.
86=agency n.
87=agent n.
88=aggressive adj.
89=ago adv.
90=agree v.
91=agreement n.
92=ahead adv.
93=aid n., v.
94=aim n., v.
95=air n.
96=aircraft n.
97=airport n.
98=alarm n., v.
99=alarming adj.
100=alarmed adj.
101=alcohol n.
102=alcoholic adj., n.
103=alive adj.
104=all det., pron., adv.
105=allow v.
106=all right adj., adv., exclamation
107=ally n., v.
108=allied adj.
109=almost adv.
110=alone adj., adv.
111=along prep., adv.
112=alongside prep., adv.
113=aloud adv.
114=alphabet n.
115=alphabetical adj.
116=alphabetically adv.
117=already adv.
118=also adv.
119=alter v.
120=alternative n., adj.
121=alternatively adv.
122=although conj.
123=altogether adv.
124=always adv.
125=a.m. (NAmE also A.M.) abbr.
126=amaze v.
127=amazing adj.
128=amazed adj.
129=ambition n.
130=ambulance n.
131=among (also amongst) prep.
132=amount n., v.
133=amuse v.
134=amusing adj.
135=amused adj.
136=an > a, an
137=analyse (BrE) (NAmE analyze) v.
138=analysis n.
139=ancient adj.
140=and conj.
141=anger n.
142=angle n.
143=angry adj.
144=angrily adv.
145=animal n.
146=ankle n.
147=anniversary n.
148=announce v.
149=annoy v.
150=annoying adj.
151=annoyed adj.
152=annual adj.
153=annually adv.
154=another det., pron.
155=answer n., v.
156=anti- prefix
157=anticipate v.
158=anxiety n.
159=anxious adj.
160=anxiously adv.
161=any det., pron., adv.
162=anyone (also anybody) pron.
163=anything pron.
164=anyway adv.
165=anywhere adv.
166=apart adv.
167=apart from (also aside from especially in NAmE) prep.
168=apartment n. (especially NAmE)
169=apologize (BrE also -ise) v.
170=apparent adj.
171=apparently adv.
172=appeal n., v.
173=appear v.
174=appearance n.
175=apple n.
176=application n.
177=apply v.
178=appoint v.
179=appointment n.
180=appreciate v.
181=approach v., n.
182=appropriate adj.
183=approval n.
184=approve (of) v.
185=approving adj.
186=approximate adj.
187=approximately adv.
188=April n. (abbr. Apr.)
189=area n.
190=argue v.
191=argument n.
192=arise v.
193=arm n., v.
194=arms n.
195=armed adj.
196=army n.
197=around adv., prep.
198=arrange v.
199=arrangement n.
200=arrest v., n.
201=arrival n.
202=arrive v.
203=arrow n.
204=art n.
205=article n.
206=artificial adj.
207=artificially adv.
208=artist n.
209=artistic adj.
210=as prep., adv., conj.
211=ashamed adj.
212=aside adv.
213=aside from > apart from
214=ask v.
215=asleep adj.
216=fall asleep
217=aspect n.
218=assist v.
219=assistance n.
220=assistant n., adj.
221=associate v.
222=associated with
223=association n.
224=assume v.
225=assure v.
226=at prep.
227=atmosphere n.
228=atom n.
229=attach v.
230=attached adj.
231=attack n., v.
232=attempt n., v.
233=attempted adj.
234=attend v.
235=attention n.
236=pay attention
237=attitude n.
238=attorney n. (especially NAmE)
239=attract v.
240=attraction n.
241=attractive adj.
242=audience n.
243=August n. (abbr. Aug.)
244=aunt n.
245=author n.
246=authority n.
247=automatic adj.
248=automatically adv.
249=autumn n. (especially BrE)
250=available adj.
251=average adj., n.
252=avoid v.
253=awake adj.
254=award n., v.
255=aware adj.
256=away adv.
257=awful adj.
258=awfully adv.
259=awkward adj.
260=awkwardly adv.
261=baby n.
262=back n., adj., adv., v.
263=background n.
264=backwards (also backward especially in NAmE) adv.
265=backward adj.
266=bacteria n.
267=bad adj.
268=go bad
269=badly adv.
270=bad-tempered adj.
271=bag n.
272=baggage n. (especially NAmE)
273=bake v.
274=balance n., v.
275=ball n.
276=ban v., n.
277=band n.
278=bandage n., v.
279=bank n.
280=bar n.
281=bargain n.
282=barrier n.
283=base n., v.
284=based on
285=basic adj.
286=basically adv.
287=basis n.
288=bath n.
289=bathroom n.
290=battery n.
291=battle n.
292=bay n.
293=be v., auxiliary v.
294=beach n.
295=beak n.
296=bear v.
297=beard n.
298=beat n., v.
299=beautiful adj.
300=beautifully adv.
301=beauty n.
302=because conj.
303=because of prep.
304=become v.
305=bed n.
306=bedroom n.
307=beef n.
308=beer n.
309=before prep., conj., adv.
310=begin v.
311=beginning n.
312=behalf n.: on behalf of sb, on sb’s behalf (BrE) (NAmE in behalf of sb, in sb’s behalf)
313=behave v.
314=behaviour (BrE) (NAmE behavior) n.
315=behind prep., adv.
316=belief n.
317=believe v.
318=bell n.
319=belong v.
320=below prep., adv.
321=belt n.
322=bend v., n.
323=bent adj.
324=beneath prep., adv.
325=benefit n., v.
326=beside prep.
327=bet v., n.
328=betting n.
329=better, best > good, well
330=between prep., adv.
331=beyond prep., adv.
332=bicycle (also bike) n.
333=bid v., n.
334=big adj.
335=bill n.
336=bin n. (BrE)
337=biology n.
338=bird n.
339=birth n.
340=give birth (to)
341=birthday n.
342=biscuit n. (BrE)
343=bit n. (especially BrE)
344=a bit
345=bite v., n.
346=bitter adj.
347=bitterly adv.
348=black adj., n.
349=blade n.
350=blame v., n.
351=blank adj., n.
352=blankly adv.
353=blind adj.
354=block n., v.
355=blonde adj., n., blond adj.
356=blood n.
357=blow v., n.
358=blue adj., n.
359=board n., v.
360=on board
361=boat n.
362=body n.
363=boil v.
364=bomb n., v.
365=bone n.
366=book n., v.
367=boot n.
368=border n.
369=bore v.
370=boring adj.
371=bored adj.
372=born: be born v.
373=borrow v.
374=boss n.
375=both det., pron.
376=bother v.
377=bottle n.
378=bottom n., adj.
379=bound adj.: bound to
380=bowl n.
381=box n.
382=boy n.
383=boyfriend n.
384=brain n.
385=branch n.
386=brand n.
387=brave adj.
388=bread n.
389=break v., n.
390=broken adj.
391=breakfast n.
392=breast n.
393=breath n.
394=breathe v.
395=breathing n.
396=breed v., n.
397=brick n.
398=bridge n.
399=brief adj.
400=briefly adv.
401=bright adj.
402=brightly adv.
403=brilliant adj.
404=bring v.
405=broad adj.
406=broadly adv.
407=broadcast v., n.
408=broken > break
409=brother n.
410=brown adj., n.
411=brush n., v.
412=bubble n.
413=budget n.
414=build v.
415=building n.
416=bullet n.
417=bunch n.
418=burn v.
419=burnt adj.
420=burst v.
421=bury v.
422=bus n.
423=bush n.
424=business n.
425=businessman, businesswoman n.
426=busy adj.
427=but conj.
428=butter n.
429=button n.
430=buy v.
431=buyer n.
432=by prep., adv.
433=bye exclamation
434=c abbr. > cent
435=cabinet n.
436=cable n.
437=cake n.
438=calculate v.
439=calculation n.
440=call v., n.
441=be called
442=calm adj., v., n.
443=calmly adv.
444=camera n.
445=camp n., v.
446=camping n.
447=campaign n.
448=can modal v., n.
449=cannot
450=could modal v.
451=cancel v.
452=cancer n.
453=candidate n.
454=candy n. (NAmE)
455=cap n.
456=capable (of) adj.
457=capacity n.
458=capital n., adj.
459=captain n.
460=capture v., n.
461=car n.
462=card n.
463=cardboard n.
464=care n., v.
465=take care (of)
466=care for
467=career n.
468=careful adj.
469=carefully adv.
470=careless adj.
471=carelessly adv.
472=carpet n.
473=carrot n.
474=carry v.
475=case n.
476=in case (of)
477=cash n.
478=cast v., n.
479=castle n.
480=cat n.
481=catch v.
482=category n.
483=cause n., v.
484=CD n.
485=cease v.
486=ceiling n.
487=celebrate v.
488=celebration n.
489=cell n.
490=cellphone (also cellular phone) n. (especially NAmE)
491=cent n. (abbr. c, ct)
492=centimetre (BrE) (NAmE centimeter) n. (abbr. cm)
493=central adj.
494=centre (BrE) (NAmE center) n.
495=century n.
496=ceremony n.
497=certain adj., pron.
498=certainly adv.
499=uncertain adj.
500=certificate n.
501=chain n., v.
502=chair n.
503=chairman, chairwoman n.
504=challenge n., v.
505=chamber n.
506=chance n.
507=change v., n.
508=channel n.
509=chapter n.
510=character n.
511=characteristic adj., n.
512=charge n., v.
513=in charge of
514=charity n.
515=chart n., v.
516=chase v., n.
517=chat v., n.
518=cheap adj.
519=cheaply adv.
520=cheat v., n.
521=check v., n.
522=cheek n.
523=cheerful adj.
524=cheerfully adv.
525=cheese n.
526=chemical adj., n.
527=chemist n.
528=chemist’s n. (BrE)
529=chemistry n.
530=cheque n. (BrE) (NAmE check)
531=chest n.
532=chew v.
533=chicken n.
534=chief adj., n.
535=child n.
536=chin n.
537=chip n.
538=chocolate n.
539=choice n.
540=choose v.
541=chop v.
542=church n.
543=cigarette n.
544=cinema n. (especially BrE)
545=circle n.
546=circumstance n.
547=citizen n.
548=city n.
549=civil adj.
550=claim v., n.
551=clap v., n.
552=class n.
553=classic adj., n.
554=classroom n.
555=clean adj., v.
556=clear adj., v.
557=clearly adv.
558=clerk n.
559=clever adj.
560=click v., n.
561=client n.
562=climate n.
563=climb v.
564=climbing n.
565=clock n.
566=close /kləʊs, NAmE kloʊs/ adj.
567=closely adv.
568=close /kləʊz, NAmE kləʊz/ v.
569=closed adj.
570=closet n. (especially NAmE)
571=cloth n.
572=clothes n.
573=clothing n.
574=cloud n.
575=club n.
576=cm abbr. > centimetre
577=coach n.
578=coal n.
579=coast n.
580=coat n.
581=code n.
582=coffee n.
583=coin n.
584=cold adj., n.
585=coldly adv.
586=collapse v., n.
587=colleague n.
588=collect v.
589=collection n.
590=college n.
591=colour (BrE) (NAmE color) n., v.
592=coloured (BrE) (NAmE colored) adj.
593=column n.
594=combination n.
595=combine v.
596=come v.
597=comedy n.
598=comfort n., v.
599=comfortable adj.
600=comfortably adv.
601=uncomfortable adj.
602=command v., n.
603=comment n., v.
604=commercial adj.
605=commission n., v.
606=commit v.
607=commitment n.
608=committee n.
609=common adj.
610=in common
611=commonly adv.
612=communicate v.
613=communication n.
614=community n.
615=company n.
616=compare v.
617=comparison n.
618=compete v.
619=competition n.
620=competitive adj.
621=complain v.
622=complaint n.
623=complete adj., v.
624=completely adv.
625=complex adj.
626=complicate v.
627=complicated adj.
628=computer n.
629=concentrate v.
630=concentration n.
631=concept n.
632=concern v., n.
633=concerned adj.
634=concerning prep.
635=concert n.
636=conclude v.
637=conclusion n.
638=concrete adj., n.
639=condition n.
640=conduct v., n.
641=conference n.
642=confidence n.
643=confident adj.
644=confidently adv.
645=confine v.
646=confined adj.
647=confirm v.
648=conflict n., v.
649=confront v.
650=confuse v.
651=confusing adj.
652=confused adj.
653=confusion n.
654=congratulations n.
655=congress n.
656=connect v.
657=connection n.
658=conscious adj.
659=unconscious adj.
660=consequence n.
661=conservative adj.
662=consider v.
663=considerable adj.
664=considerably adv.
665=consideration n.
666=consist of v.
667=constant adj.
668=constantly adv.
669=construct v.
670=construction n.
671=consult v.
672=consumer n.
673=contact n., v.
674=contain v.
675=container n.
676=contemporary adj.
677=content n.
678=contest n.
679=context n.
680=continent n.
681=continue v.
682=continuous adj.
683=continuously adv.
684=contract n., v.
685=contrast n., v.
686=contrasting adj.
687=contribute v.
688=contribution n.
689=control n., v.
690=in control (of)
691=under control
692=controlled adj.
693=uncontrolled adj.
694=convenient adj.
695=convention n.
696=conventional adj.
697=conversation n.
698=convert v.
699=convince v.
700=cook v., n.
701=cooking n.
702=cooker n. (BrE)
703=cookie n. (especially NAmE)
704=cool adj., v.
705=cope (with) v.
706=copy n., v.
707=core n.
708=corner n.
709=correct adj., v.
710=correctly adv.
711=cost n., v.
712=cottage n.
713=cotton n.
714=cough v., n.
715=coughing n.
716=could > can
717=council n.
718=count v.
719=counter n.
720=country n.
721=countryside n.
722=county n.
723=couple n.
724=a couple
725=courage n.
726=course n.
727=of course
728=court n.
729=cousin n.
730=cover v., n.
731=covered adj.
732=covering n.
733=cow n.
734=crack n., v.
735=cracked adj.
736=craft n.
737=crash n., v.
738=crazy adj.
739=cream n., adj.
740=create v.
741=creature n.
742=credit n.
743=credit card n.
744=crime n.
745=criminal adj., n.
746=crisis n.
747=crisp adj.
748=criterion n.
749=critical adj.
750=criticism n.
751=criticize (BrE also -ise) v.
752=crop n.
753=cross n., v.
754=crowd n.
755=crowded adj.
756=crown n.
757=crucial adj.
758=cruel adj.
759=crush v.
760=cry v., n.
761=ct abbr. > cent
762=cultural adj.
763=culture n.
764=cup n.
765=cupboard n.
766=curb v.
767=cure v., n.
768=curious adj.
769=curiously adv.
770=curl v., n.
771=curly adj.
772=current adj., n.
773=currently adv.
774=curtain n.
775=curve n., v.
776=curved adj.
777=custom n.
778=customer n.
779=customs n.
780=cut v., n.
781=cycle n., v.
782=cycling n.
783=dad n.
784=daily adj.
785=damage n., v.
786=damp adj.
787=dance n., v.
788=dancing n.
789=dancer n.
790=danger n.
791=dangerous adj.
792=dare v.
793=dark adj., n.
794=data n.
795=date n., v.
796=daughter n.
797=day n.
798=dead adj.
799=deaf adj.
800=deal v., n.
801=deal with
802=dear adj.
803=death n.
804=debate n., v.
805=debt n.
806=decade n.
807=decay n., v.
808=December n. (abbr. Dec.)
809=decide v.
810=decision n.
811=declare v.
812=decline n., v.
813=decorate v.
814=decoration n.
815=decorative adj.
816=decrease v., n.
817=deep adj., adv.
818=deeply adv.
819=defeat v., n.
820=defence (BrE) (NAmE defense) n.
821=defend v.
822=define v.
823=definite adj.
824=definitely adv.
825=definition n.
826=degree n.
827=delay n., v.
828=deliberate adj.
829=deliberately adv.
830=delicate adj.
831=delight n., v.
832=delighted adj.
833=deliver v.
834=delivery n.
835=demand n., v.
836=demonstrate v.
837=dentist n.
838=deny v.
839=department n.
840=departure n.
841=depend (on) v.
842=deposit n., v.
843=depress v.
844=depressing adj.
845=depressed adj.
846=depth n.
847=derive v.
848=describe v.
849=description n.
850=desert n., v.
851=deserted adj.
852=deserve v.
853=design n., v.
854=desire n., v.
855=desk n.
856=desperate adj.
857=desperately adv.
858=despite prep.
859=destroy v.
860=destruction n.
861=detail n.
862=in detail
863=detailed adj.
864=determination n.
865=determine v.
866=determined adj.
867=develop v.
868=development n.
869=device n.
870=devote v.
871=devoted adj.
872=diagram n.
873=diamond n.
874=diary n.
875=dictionary n.
876=die v.
877=dying adj.
878=diet n.
879=difference n.
880=different adj.
881=differently adv.
882=difficult adj.
883=difficulty n.
884=dig v.
885=dinner n.
886=direct adj., v.
887=directly adv.
888=direction n.
889=director n.
890=dirt n.
891=dirty adj.
892=disabled adj.
893=disadvantage n.
894=disagree v.
895=disagreement n.
896=disappear v.
897=disappoint v.
898=disappointing adj.
899=disappointed adj.
900=disappointment n.
901=disapproval n.
902=disapprove (of) v.
903=disapproving adj.
904=disaster n.
905=disc (also disk, especially in NAmE) n.
906=discipline n.
907=discount n.
908=discover v.
909=discovery n.
910=discuss v.
911=discussion n.
912=disease n.
913=disgust v., n.
914=disgusting adj.
915=disgusted adj.
916=dish n.
917=dishonest adj.
918=dishonestly adv.
919=disk n.
920=dislike v., n.
921=dismiss v.
922=display v., n.
923=dissolve v.
924=distance n.
925=distinguish v.
926=distribute v.
927=distribution n.
928=district n.
929=disturb v.
930=disturbing adj.
931=divide v.
932=division n.
933=divorce n., v.
934=divorced adj.
935=do v., auxiliary v.
936=undo v.
937=doctor n. (abbr. Dr, NAmE Dr.)
938=document n.
939=dog n.
940=dollar n.
941=domestic adj.
942=dominate v.
943=door n.
944=dot n.
945=double adj., det., adv., n., v.
946=doubt n., v.
947=down adv., prep.
948=downstairs adv., adj., n.
949=downwards (also downward especially in NAmE) adv.
950=downward adj.
951=dozen n., det.
952=Dr (BrE) (also Dr. NAmE, BrE) abbr. > doctor
953=draft n., adj., v.
954=drag v.
955=drama n.
956=dramatic adj.
957=dramatically adv.
958=draw v.
959=drawing n.
960=drawer n.
961=dream n., v.
962=dress n., v.
963=dressed adj.
964=drink n., v.
965=drive v., n.
966=driving n.
967=driver n.
968=drop v., n.
969=drug n.
970=drugstore n. (NAmE)
971=drum n.
972=drunk adj.
973=dry adj., v.
974=due adj.
975=due to
976=dull adj.
977=dump v., n.
978=during prep.
979=dust n., v.
980=duty n.
981=DVD n.
982=each det., pron.
983=each other (also one another) pron.
984=ear n.
985=early adj., adv.
986=earn v.
987=earth n.
988=ease n., v.
989=east n., adj., adv.
990=eastern adj.
991=easy adj.
992=easily adv.
993=eat v.
994=economic adj.
995=economy n.
996=edge n.
997=edition n.
998=editor n.
999=educate v.
1000=educated adj.
1001=education n.
1002=effect n.
1003=effective adj.
1004=effectively adv.
1005=efficient adj.
1006=efficiently adv.
1007=effort n.
1008=e.g. abbr.
1009=egg n.
1010=either det., pron., adv.
1011=elbow n.
1012=elderly adj.
1013=elect v.
1014=election n.
1015=electric adj.
1016=electrical adj.
1017=electricity n.
1018=electronic adj.
1019=elegant adj.
1020=element n.
1021=elevator n. (NAmE)
1022=else adv.
1023=elsewhere adv.
1024=email (also e-mail) n., v.
1025=embarrass v.
1026=embarrassing adj.
1027=embarrassed adj.
1028=embarrassment n.
1029=emerge v.
1030=emergency n.
1031=emotion n.
1032=emotional adj.
1033=emotionally adv.
1034=emphasis n.
1035=emphasize (BrE also -ise) v.
1036=empire n.
1037=employ v.
1038=unemployed adj.
1039=employee n.
1040=employer n.
1041=employment n.
1042=unemployment n.
1043=empty adj., v.
1044=enable v.
1045=encounter v., n.
1046=encourage v.
1047=encouragement n.
1048=end n., v.
1049=in the end
1050=ending n.
1051=enemy n.
1052=energy n.
1053=engage v.
1054=engaged adj.
1055=engine n.
1056=engineer n.
1057=engineering n.
1058=enjoy v.
1059=enjoyable adj.
1060=enjoyment n.
1061=enormous adj.
1062=enough det., pron., adv.
1063=enquiry (also inquiry especially in NAmE) n.
1064=ensure v.
1065=enter v.
1066=entertain v.
1067=entertaining adj.
1068=entertainer n.
1069=entertainment n.
1070=enthusiasm n.
1071=enthusiastic adj.
1072=entire adj.
1073=entirely adv.
1074=entitle v.
1075=entrance n.
1076=entry n.
1077=envelope n.
1078=environment n.
1079=environmental adj.
1080=equal adj., n., v.
1081=equally adv.
1082=equipment n.
1083=equivalent adj., n.
1084=error n.
1085=escape v., n.
1086=especially adv.
1087=essay n.
1088=essential adj., n.
1089=essentially adv.
1090=establish v.
1091=estate n.
1092=estimate n., v.
1093=etc. (full form et cetera)
1094=euro n.
1095=even adv., adj.
1096=evening n.
1097=event n.
1098=eventually adv.
1099=ever adv.
1100=every det.
1101=everyone (also everybody) pron.
1102=everything pron.
1103=everywhere adv.
1104=evidence n.
1105=evil adj., n.
1106=ex- prefix
1107=exact adj.
1108=exactly adv.
1109=exaggerate v.
1110=exaggerated adj.
1111=exam n.
1112=examination n.
1113=examine v.
1114=example n.
1115=excellent adj.
1116=except prep., conj.
1117=exception n.
1118=exchange v., n.
1119=in exchange (for)
1120=excite v.
1121=exciting adj.
1122=excited adj.
1123=excitement n.
1124=exclude v.
1125=excluding prep.
1126=excuse n., v.
1127=executive n., adj.
1128=exercise n., v.
1129=exhibit v., n.
1130=exhibition n.
1131=exist v.
1132=existence n.
1133=exit n.
1134=expand v.
1135=expect v.
1136=expected adj.
1137=unexpected adj.
1138=unexpectedly adv.
1139=expectation n.
1140=expense n.
1141=expensive adj.
1142=experience n., v.
1143=experienced adj.
1144=experiment n., v.
1145=expert n., adj.
1146=explain v.
1147=explanation n.
1148=explode v.
1149=explore v.
1150=explosion n.
1151=export v., n.
1152=expose v.
1153=express v., adj.
1154=expression n.
1155=extend v.
1156=extension n.
1157=extensive adj.
1158=extent n.
1159=extra adj., n., adv.
1160=extraordinary adj.
1161=extreme adj., n.
1162=extremely adv.
1163=eye n.
1164=face n., v.
1165=facility n.
1166=fact n.
1167=factor n.
1168=factory n.
1169=fail v.
1170=failure n.
1171=faint adj.
1172=faintly adv.
1173=fair adj.
1174=fairly adv.
1175=unfair adj.
1176=unfairly adv.
1177=faith n.
1178=faithful adj.
1179=faithfully adv.
1180=Yours faithfully (BrE)
1181=fall v., n.
1182=fall over
1183=false adj.
1184=fame n.
1185=familiar adj.
1186=family n., adj.
1187=famous adj.
1188=fan n.
1189=fancy v., adj.
1190=far adv., adj.
1191=further adj.
1192=farm n.
1193=farming n.
1194=farmer n.
1195=farther, farthest > far
1196=fashion n.
1197=fashionable adj.
1198=fast adj., adv.
1199=fasten v.
1200=fat adj., n.
1201=father n.
1202=faucet n. (NAmE)
1203=fault n.
1204=favour (BrE) (NAmE favor) n.
1205=in favour/favor (of)
1206=favourite (BrE) (NAmE favorite) adj., n.
1207=fear n., v.
1208=feather n.
1209=feature n., v.
1210=February n. (abbr. Feb.)
1211=federal adj.
1212=fee n.
1213=feed v.
1214=feel v.
1215=feeling n.
1216=fellow n., adj.
1217=female adj., n.
1218=fence n.
1219=festival n.
1220=fetch v.
1221=fever n.
1222=few det., adj., pron.
1223=a few
1224=field n.
1225=fight v., n.
1226=fighting n.
1227=figure n., v.
1228=file n.
1229=fill v.
1230=film n., v.
1231=final adj., n.
1232=finally adv.
1233=finance n., v.
1234=financial adj.
1235=find v.
1236=find out sth
1237=fine adj.
1238=finely adv.
1239=finger n.
1240=finish v., n.
1241=finished adj.
1242=fire n., v.
1243=set fire to
1244=firm n., adj., adv.
1245=firmly adv.
1246=first det., ordinal number, adv., n.
1247=at first
1248=fish n., v.
1249=fishing n.
1250=fit v., adj.
1251=fix v.
1252=fixed adj.
1253=flag n.
1254=flame n.
1255=flash v., n.
1256=flat adj., n.
1257=flavour (BrE) (NAmE flavor) n., v.
1258=flesh n.
1259=flight n.
1260=float v.
1261=flood n., v.
1262=floor n.
1263=flour n.
1264=flow n., v.
1265=flower n.
1266=flu n.
1267=fly v., n.
1268=flying adj., n.
1269=focus v., n.
1270=fold v., n.
1271=folding adj.
1272=follow v.
1273=following adj., n., prep.
1274=food n.
1275=foot n.
1276=football n.
1277=for prep.
1278=force n., v.
1279=forecast n., v.
1280=foreign adj.
1281=forest n.
1282=forever (BrE also for ever) adv.
1283=forget v.
1284=forgive v.
1285=fork n.
1286=form n., v.
1287=formal adj.
1288=formally adv.
1289=former adj.
1290=formerly adv.
1291=formula n.
1292=fortune n.
1293=forward (also forwards) adv.
1294=forward adj.
1295=found v.
1296=foundation n.
1297=frame n., v.
1298=free adj., v., adv.
1299=freely adv.
1300=freedom n.
1301=freeze v.
1302=frozen adj.
1303=frequent adj.
1304=frequently adv.
1305=fresh adj.
1306=freshly adv.
1307=Friday n. (abbr. Fri.)
1308=fridge n. (BrE)
1309=friend n.
1310=make friends (with)
1311=friendly adj.
1312=unfriendly adj.
1313=friendship n.
1314=frighten v.
1315=frightening adj.
1316=frightened adj.
1317=from prep.
1318=front n., adj.
1319=in front (of)
1320=frozen > freeze
1321=fruit n.
1322=fry v., n.
1323=fuel n.
1324=full adj.
1325=fully adv.
1326=fun n., adj.
1327=make fun of
1328=function n., v.
1329=fund n., v.
1330=fundamental adj.
1331=funeral n.
1332=funny adj.
1333=fur n.
1334=furniture n.
1335=further, furthest > far
1336=future n., adj.
1337=g abbr. > gram
1338=gain v., n.
1339=gallon n.
1340=gamble v., n.
1341=gambling n.
1342=game n.
1343=gap n.
1344=garage n.
1345=garbage n. (especially NAmE)
1346=garden n.
1347=gas n.
1348=gasoline n. (NAmE)
1349=gate n.
1350=gather v.
1351=gear n.
1352=general adj.
1353=generally adv.
1354=in general
1355=generate v.
1356=generation n.
1357=generous adj.
1358=generously adv.
1359=gentle adj.
1360=gently adv.
1361=gentleman n.
1362=genuine adj.
1363=genuinely adv.
1364=geography n.
1365=get v.
1366=get on
1367=get off
1368=giant n., adj.
1369=gift n.
1370=girl n.
1371=girlfriend n.
1372=give v.
1373=give sth away
1374=give sth out
1375=give (sth) up
1376=glad adj.
1377=glass n.
1378=glasses n.
1379=global adj.
1380=glove n.
1381=glue n., v.
1382=gm abbr. > gram
1383=go v.
1384=go down
1385=go up
1386=be going to
1387=goal n.
1388=god n.
1389=gold n., adj.
1390=good adj., n.
1391=good at
1392=good for
1393=goodbye exclamation, n.
1394=goods n.
1395=govern v.
1396=government n.
1397=governor n.
1398=grab v.
1399=grade n., v.
1400=gradual adj.
1401=gradually adv.
1402=grain n.
1403=gram (BrE also gramme) n. (abbr. g, gm)
1404=grammar n.
1405=grand adj.
1406=grandchild n.
1407=granddaughter n.
1408=grandfather n.
1409=grandmother n.
1410=grandparent n.
1411=grandson n.
1412=grant v., n.
1413=grass n.
1414=grateful adj.
1415=grave n., adj.
1416=gray (NAmE) > grey
1417=great adj.
1418=greatly adv.
1419=green adj., n.
1420=grey (BrE) (NAmE usually gray) adj., n.
1421=grocery (NAmE usually grocery store) n.
1422=groceries n.
1423=ground n.
1424=group n.
1425=grow v.
1426=grow up
1427=growth n.
1428=guarantee n., v.
1429=guard n., v.
1430=guess v., n.
1431=guest n.
1432=guide n., v.
1433=guilty adj.
1434=gun n.
1435=guy n.
1436=habit n.
1437=hair n.
1438=hairdresser n.
1439=half n., det., pron., adv.
1440=hall n.
1441=hammer n.
1442=hand n., v.
1443=handle v., n.
1444=hang v.
1445=happen v.
1446=happiness n.
1447=unhappiness n.
1448=happy adj.
1449=happily adv.
1450=unhappy adj.
1451=hard adj., adv.
1452=hardly adv.
1453=harm n., v.
1454=harmful adj.
1455=harmless adj.
1456=hat n.
1457=hate v., n.
1458=hatred n.
1459=have v., auxiliary v.
1460=have to modal v.
1461=he pron.
1462=head n., v.
1463=headache n.
1464=heal v.
1465=health n.
1466=healthy adj.
1467=hear v.
1468=hearing n.
1469=heart n.
1470=heat n., v.
1471=heating n.
1472=heaven n.
1473=heavy adj.
1474=heavily adv.
1475=heel n.
1476=height n.
1477=hell n.
1478=hello exclamation, n.
1479=help v., n.
1480=helpful adj.
1481=hence adv.
1482=her pron., det.
1483=hers pron.
1484=here adv.
1485=hero n.
1486=herself pron.
1487=hesitate v.
1488=hi exclamation
1489=hide v.
1490=high adj., adv.
1491=highly adv.
1492=highlight v., n.
1493=highway n. (especially NAmE)
1494=hill n.
1495=him pron.
1496=himself pron.
1497=hip n.
1498=hire v., n.
1499=his det., pron.
1500=historical adj.
1501=history n.
1502=hit v., n.
1503=hobby n.
1504=hold v., n.
1505=hole n.
1506=holiday n.
1507=hollow adj.
1508=holy adj.
1509=home n., adv..
1510=homework n.
1511=honest adj.
1512=honestly adv.
1513=honour (BrE) (NAmE honor) n.
1514=in honour/honor of
1515=hook n.
1516=hope v., n.
1517=horizontal adj.
1518=horn n.
1519=horror n.
1520=horse n.
1521=hospital n.
1522=host n., v.
1523=hot adj.
1524=hotel n.
1525=hour n.
1526=house n.
1527=housing n.
1528=household n., adj.
1529=how adv.
1530=however adv.
1531=huge adj.
1532=human adj., n.
1533=humorous adj.
1534=humour (BrE) (NAmE humor) n.
1535=hungry adj.
1536=hunt v.
1537=hunting n.
1538=hurry v., n.
1539=in a hurry
1540=hurt v.
1541=husband n.
1542=I pron.
1543=ice n.
1544=ice cream n.
1545=idea n.
1546=ideal adj., n.
1547=ideally adv.
1548=identify v.
1549=identity n.
1550=i.e. abbr.
1551=if conj.
1552=ignore v.
1553=ill adj. (especially BrE)
1554=illegal adj.
1555=illegally adv.
1556=illness n.
1557=illustrate v.
1558=image n.
1559=imaginary adj.
1560=imagination n.
1561=imagine v.
1562=immediate adj.
1563=immediately adv.
1564=immoral adj.
1565=impact n.
1566=impatient adj.
1567=impatiently adv.
1568=implication n.
1569=imply v.
1570=import n., v.
1571=importance n.
1572=important adj.
1573=importantly adv.
1574=unimportant adj.
1575=impose v.
1576=impossible adj.
1577=impress v.
1578=impressed adj.
1579=impression n.
1580=impressive adj.
1581=improve v.
1582=improvement n.
1583=in prep., adv.
1584=inability n.
1585=inch n.
1586=incident n.
1587=include v.
1588=including prep.
1589=income n.
1590=increase v., n.
1591=increasingly adv.
1592=indeed adv.
1593=independence n.
1594=independent adj.
1595=independently adv.
1596=index n.
1597=indicate v.
1598=indication n.
1599=indirect adj.
1600=indirectly adv.
1601=individual adj., n.
1602=indoors adv.
1603=indoor adj.
1604=industrial adj.
1605=industry n.
1606=inevitable adj.
1607=inevitably adv.
1608=infect v.
1609=infected adj.
1610=infection n.
1611=infectious adj.
1612=influence n., v.
1613=inform v.
1614=informal adj.
1615=information n.
1616=ingredient n.
1617=initial adj., n.
1618=initially adv.
1619=initiative n.
1620=injure v.
1621=injured adj.
1622=injury n.
1623=ink n.
1624=inner adj.
1625=innocent adj.
1626=inquiry > enquiry
1627=insect n.
1628=insert v.
1629=inside prep., adv., n., adj.
1630=insist (on) v.
1631=install v.
1632=instance n.
1633=for instance
1634=instead adv.
1635=instead of
1636=institute n.
1637=institution n.
1638=instruction n.
1639=instrument n.
1640=insult v., n.
1641=insulting adj.
1642=insurance n.
1643=intelligence n.
1644=intelligent adj.
1645=intend v.
1646=intended adj.
1647=intention n.
1648=interest n., v.
1649=interesting adj.
1650=interested adj.
1651=interior n., adj.
1652=internal adj.
1653=international adj.
1654=Internet n.
1655=interpret v.
1656=interpretation n.
1657=interrupt v.
1658=interruption n.
1659=interval n.
1660=interview n., v.
1661=into prep.
1662=introduce v.
1663=introduction n.
1664=invent v.
1665=invention n.
1666=invest v.
1667=investigate v.
1668=investigation n.
1669=investment n.
1670=invitation n.
1671=invite v.
1672=involve v.
1673=involved in
1674=involvement n.
1675=iron n., v.
1676=irritate v.
1677=irritating adj.
1678=irritated adj.
1679=-ish suffix
1680=island n.
1681=issue n., v.
1682=it pron., det.
1683=its det.
1684=item n.
1685=itself pron.
1686=jacket n.
1687=jam n.
1688=January n. (abbr. Jan.)
1689=jealous adj.
1690=jeans n.
1691=jelly n.
1692=jewellery (BrE) (NAmE jewelry) n.
1693=job n.
1694=join v.
1695=joint adj., n.
1696=jointly adv.
1697=joke n., v.
1698=journalist n.
1699=journey n.
1700=joy n.
1701=judge n., v.
1702=judgement (also judgment especially in NAmE) n.
1703=juice n.
1704=July n. (abbr. Jul.)
1705=jump v., n.
1706=June n. (abbr. Jun.)
1707=junior adj., n.
1708=just adv.
1709=justice n.
1710=justify v.
1711=justified adj.
1712=k abbr. > kilometre
1713=keen adj.
1714=keen on
1715=keep v.
1716=key n., adj.
1717=keyboard n.
1718=kick v., n.
1719=kid n.
1720=kill v.
1721=killing n.
1722=kilogram (BrE also kilogramme) (also kilo) n. (abbr. kg)
1723=kilometre (BrE) (NAmE kilometer) n. (abbr. k, km)
1724=kind n., adj.
1725=kindly adv.
1726=unkind adj.
1727=kindness n.
1728=king n.
1729=kiss v., n.
1730=kitchen n.
1731=km abbr. > kilometre
1732=knee n.
1733=knife n.
1734=knit v.
1735=knitted adj.
1736=knitting n.
1737=knock v., n.
1738=knot n.
1739=know v.
1740=unknown adj.
1741=well known adj.
1742=knowledge n.
1743=l abbr. > litre
1744=label n., v.
1745=laboratory, lab n.
1746=labour (BrE) (NAmE labor) n.
1747=lack n., v.
1748=lacking adj.
1749=lady n.
1750=lake n.
1751=lamp n.
1752=land n., v.
1753=landscape n.
1754=lane n.
1755=language n.
1756=large adj.
1757=largely adv.
1758=last det., adv., n., v.
1759=late adj., adv.
1760=later adv., adj.
1761=latest adj., n.
1762=latter adj., n.
1763=laugh v., n.
1764=launch v., n.
1765=law n.
1766=lawyer n.
1767=lay v.
1768=layer n.
1769=lazy adj.
1770=lead /li:d/ v., n.
1771=leading adj.
1772=leader n.
1773=leaf n.
1774=league n.
1775=lean v.
1776=learn v.
1777=least det., pron., adv.
1778=at least
1779=leather n.
1780=leave v.
1781=leave out
1782=lecture n.
1783=left adj., adv., n.
1784=leg n.
1785=legal adj.
1786=legally adv.
1787=lemon n.
1788=lend v.
1789=length n.
1790=less det., pron., adv.
1791=lesson n.
1792=let v.
1793=letter n.
1794=level n., adj.
1795=library n.
1796=licence (BrE) (NAmE license) n.
1797=license v.
1798=lid n.
1799=lie v., n.
1800=life n.
1801=lift v., n.
1802=light n., adj., v.
1803=lightly adv.
1804=like prep., v., conj.
1805=unlike prep., adj.
1806=likely adj., adv.
1807=unlikely adj.
1808=limit n., v.
1809=limited adj.
1810=line n.
1811=link n., v.
1812=lip n.
1813=liquid n., adj.
1814=list n., v.
1815=listen (to) v.
1816=literature n.
1817=litre (BrE) (NAmE liter) n. (abbr. l)
1818=little adj., det., pron., adv.
1819=a little det., pron.
1820=live /laɪv/ adj., adv.
1821=live /lɪv/ v.
1822=living adj.
1823=lively adj.
1824=load n., v.
1825=unload v.
1826=loan n.
1827=local adj.
1828=locally adv.
1829=locate v.
1830=located adj.
1831=location n.
1832=lock v., n.
1833=logic n.
1834=logical adj.
1835=lonely adj.
1836=long adj., adv.
1837=look v., n.
1838=look after (especially BrE)
1839=look at
1840=look for
1841=look forward to
1842=loose adj.
1843=loosely adv.
1844=lord n.
1845=lorry n. (BrE)
1846=lose v.
1847=lost adj.
1848=loss n.
1849=lot: a lot (of) (also lots (of)) pron., det., adv.
1850=loud adj., adv.
1851=loudly adv.
1852=love n., v.
1853=lovely adj.
1854=lover n.
1855=low adj., adv.
1856=loyal adj.
1857=luck n.
1858=lucky adj.
1859=unlucky adj.
1860=luggage n. (especially BrE)
1861=lump n.
1862=lunch n.
1863=lung n.
1864=machine n.
1865=machinery n.
1866=mad adj.
1867=magazine n.
1868=magic n., adj.
1869=mail n., v.
1870=main adj.
1871=mainly adv.
1872=maintain v.
1873=major adj.
1874=majority n.
1875=make v., n.
1876=make sth up
1877=make-up n.
1878=male adj., n.
1879=mall n. (especially NAmE)
1880=man n.
1881=manage v.
1882=management n.
1883=manager n.
1884=manner n.
1885=manufacture v., n.
1886=manufacturing n.
1887=manufacturer n.
1888=many det., pron.
1889=map n.
1890=March n. (abbr. Mar.)
1891=march v., n.
1892=mark n., v.
1893=market n.
1894=marketing n.
1895=marriage n.
1896=marry v.
1897=married adj.
1898=mass n., adj.
1899=massive adj.
1900=master n.
1901=match n., v.
1902=matching adj.
1903=mate n., v.
1904=material n., adj.
1905=mathematics (also maths BrE, math NAmE) n.
1906=matter n., v.
1907=maximum adj., n.
1908=may modal v.
1909=May n.
1910=maybe adv.
1911=mayor n.
1912=me pron.
1913=meal n.
1914=mean v.
1915=meaning n.
1916=means n.
1917=by means of
1918=meanwhile adv.
1919=measure v., n.
1920=measurement n.
1921=meat n.
1922=media n.
1923=medical adj.
1924=medicine n.
1925=medium adj., n.
1926=meet v.
1927=meeting n.
1928=melt v.
1929=member n.
1930=membership n.
1931=memory n.
1932=in memory of
1933=mental adj.
1934=mentally adv.
1935=mention v.
1936=menu n.
1937=mere adj.
1938=merely adv.
1939=mess n.
1940=message n.
1941=metal n.
1942=method n.
1943=metre (BrE) (NAmE meter) n.
1944=mg abbr. > milligram
1945=mid- combining form
1946=midday n.
1947=middle n., adj.
1948=midnight n.
1949=might modal v.
1950=mild adj.
1951=mile n.
1952=military adj.
1953=milk n.
1954=milligram (BrE also milligramme) n. (abbr. mg)
1955=millimetre (NAmE millimeter) n. (abbr. mm)
1956=mind n., v.
1957=mine pron., n.
1958=mineral n., adj.
1959=minimum adj., n.
1960=minister n.
1961=ministry n.
1962=minor adj.
1963=minority n.
1964=minute n.
1965=mirror n.
1966=miss v., n.
1967=Miss n.
1968=missing adj.
1969=mistake n., v.
1970=mistaken adj.
1971=mix v., n.
1972=mixed adj.
1973=mixture n.
1974=mm abbr. > millimetre
1975=mobile adj.
1976=mobile phone (also mobile) n. (BrE)
1977=model n.
1978=modern adj.
1979=mom (NAmE) > mum
1980=moment n.
1981=Monday n. (abbr. Mon.)
1982=money n.
1983=monitor n., v.
1984=month n.
1985=mood n.
1986=moon n.
1987=moral adj.
1988=morally adv.
1989=more det., pron., adv.
1990=moreover adv.
1991=morning n.
1992=most det., pron., adv.
1993=mostly adv.
1994=mother n.
1995=motion n.
1996=motor n.
1997=motorcycle (BrE also motorbike) n.
1998=mount v., n.
1999=mountain n.
2000=mouse n.
2001=mouth n.
2002=move v., n.
2003=moving adj.
2004=movement n.
2005=movie n. (especially NAmE)
2006=movie theater n. (NAmE)
2007=Mr (BrE) (also Mr. NAmE, BrE) abbr.
2008=Mrs (BrE) (also Mrs. NAmE, BrE) abbr.
2009=Ms (BrE) (also Ms. NAmE, BrE) abbr.
2010=much det., pron., adv.
2011=mud n.
2012=multiply v.
2013=mum (BrE) (NAmE mom) n.
2014=murder n., v.
2015=muscle n.
2016=museum n.
2017=music n.
2018=musical adj.
2019=musician n.
2020=must modal v.
2021=my det.
2022=myself pron.
2023=mysterious adj.
2024=mystery n.
2025=nail n.
2026=naked adj.
2027=name n., v.
2028=narrow adj.
2029=nation n.
2030=national adj.
2031=natural adj.
2032=naturally adv.
2033=nature n.
2034=navy n.
2035=near adj., adv., prep.
2036=nearby adj., adv.
2037=nearly adv.
2038=neat adj.
2039=neatly adv.
2040=necessary adj.
2041=necessarily adv.
2042=unnecessary adj.
2043=neck n.
2044=need v., modal v., n.
2045=needle n.
2046=negative adj.
2047=neighbour (BrE) (NAmE neighbor) n.
2048=neighbourhood (BrE) (NAmE neighborhood) n.
2049=neither det., pron., adv.
2050=nephew n.
2051=nerve n.
2052=nervous adj.
2053=nervously adv.
2054=nest n., v.
2055=net n.
2056=network n.
2057=never adv.
2058=nevertheless adv.
2059=new adj.
2060=newly adv.
2061=news n.
2062=newspaper n.
2063=next adj., adv., n.
2064=next to prep.
2065=nice adj.
2066=nicely adv.
2067=niece n.
2068=night n.
2069=no exclamation, det.
2070=No. (also no.) abbr. > number
2071=nobody (also no one) pron.
2072=noise n.
2073=noisy adj.
2074=noisily adv.
2075=non- prefix
2076=none pron.
2077=nonsense n.
2078=no one > nobody
2079=nor conj., adv.
2080=normal adj., n.
2081=normally adv.
2082=north n., adj., adv.
2083=northern adj.
2084=nose n.
2085=not adv.
2086=note n., v.
2087=nothing pron.
2088=notice n., v.
2089=take notice of
2090=noticeable adj.
2091=novel n.
2092=November n. (abbr. Nov.)
2093=now adv.
2094=nowhere adv.
2095=nuclear adj.
2096=number (abbr. No., no.) n.
2097=nurse n.
2098=nut n.
2099=obey v.
2100=object n., v.
2101=objective n., adj.
2102=observation n.
2103=observe v.
2104=obtain v.
2105=obvious adj.
2106=obviously adv.
2107=occasion n.
2108=occasionally adv.
2109=occupy v.
2110=occupied adj.
2111=occur v.
2112=ocean n.
2113=o’clock adv.
2114=October n. (abbr. Oct.)
2115=odd adj.
2116=oddly adv.
2117=of prep.
2118=off adv., prep.
2119=offence (BrE) (NAmE offense) n.
2120=offend v.
2121=offensive adj.
2122=offer v., n.
2123=office n.
2124=officer n.
2125=official adj., n.
2126=officially adv.
2127=often adv.
2128=oh exclamation
2129=oil n.
2130=OK (also okay) exclamation, adj., adv.
2131=old adj.
2132=old-fashioned adj.
2133=on prep., adv.
2134=once adv., conj.
2135=one number, det., pron.
2136=one another > each other
2137=onion n.
2138=only adj., adv.
2139=onto prep.
2140=open adj., v.
2141=openly adv.
2142=opening n.
2143=operate v.
2144=operation n.
2145=opinion n.
2146=opponent n.
2147=opportunity n.
2148=oppose v.
2149=opposing adj.
2150=opposed to
2151=opposite adj., adv., n., prep.
2152=opposition n.
2153=option n.
2154=or conj.
2155=orange n., adj.
2156=order n., v.
2157=in order to
2158=ordinary adj.
2159=organ n.
2160=organization (BrE also -isation) n.
2161=organize (BrE also -ise) v.
2162=organized adj.
2163=origin n.
2164=original adj., n.
2165=originally adv.
2166=other adj., pron.
2167=otherwise adv.
2168=ought to modal v.
2169=our det.
2170=ours pron.
2171=ourselves pron.
2172=out (of) adv., prep.
2173=outdoors adv.
2174=outdoor adj.
2175=outer adj.
2176=outline v., n.
2177=output n.
2178=outside n., adj., prep., adv.
2179=outstanding adj.
2180=oven n.
2181=over adv., prep.
2182=overall adj., adv.
2183=overcome v.
2184=owe v.
2185=own adj., pron., v.
2186=owner n.
2187=p abbr. > page, penny
2188=pace n.
2189=pack v., n.
2190=package n., v.
2191=packaging n.
2192=packet n.
2193=page n. (abbr. p)
2194=pain n.
2195=painful adj.
2196=paint n., v.
2197=painting n.
2198=painter n.
2199=pair n.
2200=palace n.
2201=pale adj.
2202=pan n.
2203=panel n.
2204=pants n.
2205=paper n.
2206=parallel adj.
2207=parent n.
2208=park n., v.
2209=parliament n.
2210=part n.
2211=take part (in)
2212=particular adj.
2213=particularly adv.
2214=partly adv.
2215=partner n.
2216=partnership n.
2217=party n.
2218=pass v.
2219=passing n., adj.
2220=passage n.
2221=passenger n.
2222=passport n.
2223=past adj., n., prep., adv.
2224=path n.
2225=patience n.
2226=patient n., adj.
2227=pattern n.
2228=pause v., n.
2229=pay v., n.
2230=payment n.
2231=peace n.
2232=peaceful adj.
2233=peak n.
2234=pen n.
2235=pence n.
2236=> penny
2237=pencil n.
2238=penny n. (abbr. p)
2239=pension n.
2240=people n.
2241=pepper n.
2242=per prep.
2243=per cent (NAmE usually percent) n., adj., adv.
2244=perfect adj.
2245=perfectly adv.
2246=perform v.
2247=performance n.
2248=performer n.
2249=perhaps adv.
2250=period n.
2251=permanent adj.
2252=permanently adv.
2253=permission n.
2254=permit v.
2255=person n.
2256=personal adj.
2257=personally adv.
2258=personality n.
2259=persuade v.
2260=pet n.
2261=petrol n. (BrE)
2262=phase n.
2263=philosophy n.
2264=phone > telephone
2265=photocopy n., v.
2266=photograph n., v. (also photo n.)
2267=photographer n.
2268=photography n.
2269=phrase n.
2270=physical adj.
2271=physically adv.
2272=physics n.
2273=piano n.
2274=pick v.
2275=pick sth up
2276=picture n.
2277=piece n.
2278=pig n.
2279=pile n., v.
2280=pill n.
2281=pilot n.
2282=pin n., v.
2283=pink adj., n.
2284=pint n. (abbr. pt)
2285=pipe n.
2286=pitch n.
2287=pity n.
2288=place n., v.
2289=take place
2290=plain adj.
2291=plan n., v.
2292=planning n.
2293=plane n.
2294=planet n.
2295=plant n., v.
2296=plastic n., adj.
2297=plate n.
2298=platform n.
2299=play v., n.
2300=player n.
2301=pleasant adj.
2302=pleasantly adv.
2303=unpleasant adj.
2304=please exclamation, v.
2305=pleasing adj.
2306=pleased adj.
2307=pleasure n.
2308=plenty pron., adv., n., det.
2309=plot n., v.
2310=plug n.
2311=plus prep., n., adj., conj.
2312=p.m. (NAmE also P.M.) abbr.
2313=pocket n.
2314=poem n.
2315=poetry n.
2316=point n., v.
2317=pointed adj.
2318=poison n., v.
2319=poisonous adj.
2320=pole n.
2321=police n.
2322=policy n.
2323=polish n., v.
2324=polite adj.
2325=politely adv.
2326=political adj.
2327=politically adv.
2328=politician n.
2329=politics n.
2330=pollution n.
2331=pool n.
2332=poor adj.
2333=pop n., v.
2334=popular adj.
2335=population n.
2336=port n.
2337=pose v., n.
2338=position n.
2339=positive adj.
2340=possess v.
2341=possession n.
2342=possibility n.
2343=possible adj.
2344=possibly adv.
2345=post n., v.
2346=post office n.
2347=pot n.
2348=potato n.
2349=potential adj., n.
2350=potentially adv.
2351=pound n.
2352=pour v.
2353=powder n.
2354=power n.
2355=powerful adj.
2356=practical adj.
2357=practically adv.
2358=practice n. (BrE, NAmE), v. (NAmE)
2359=practise v. (BrE)
2360=praise n., v.
2361=prayer n.
2362=precise adj.
2363=precisely adv.
2364=predict v.
2365=prefer v.
2366=preference n.
2367=pregnant adj.
2368=premises n.
2369=preparation n.
2370=prepare v.
2371=prepared adj.
2372=presence n.
2373=present adj., n., v.
2374=presentation n.
2375=preserve v.
2376=president n.
2377=press n., v.
2378=pressure n.
2379=presumably adv.
2380=pretend v.
2381=pretty adv., adj.
2382=prevent v.
2383=previous adj.
2384=previously adv.
2385=price n.
2386=pride n.
2387=priest n.
2388=primary adj.
2389=primarily adv.
2390=prime minister n.
2391=prince n.
2392=princess n.
2393=principle n.
2394=print v., n.
2395=printing n.
2396=printer n.
2397=prior adj.
2398=priority n.
2399=prison n.
2400=prisoner n.
2401=private adj.
2402=privately adv.
2403=prize n.
2404=probable adj.
2405=probably adv.
2406=problem n.
2407=procedure n.
2408=proceed v.
2409=process n., v.
2410=produce v.
2411=producer n.
2412=product n.
2413=production n.
2414=profession n.
2415=professional adj., n.
2416=professor n.
2417=profit n.
2418=program n., v.
2419=programme n. (BrE)
2420=progress n., v.
2421=project n., v.
2422=promise v., n.
2423=promote v.
2424=promotion n.
2425=prompt adj., v.
2426=promptly adv.
2427=pronounce v.
2428=pronunciation n.
2429=proof n.
2430=proper adj.
2431=properly adv.
2432=property n.
2433=proportion n.
2434=proposal n.
2435=propose v.
2436=prospect n.
2437=protect v.
2438=protection n.
2439=protest n., v.
2440=proud adj.
2441=proudly adv.
2442=prove v.
2443=provide v.
2444=provided (also providing) conj.
2445=pt abbr. > pint
2446=pub n.
2447=public adj., n.
2448=in public
2449=publicly adv.
2450=publication n.
2451=publicity n.
2452=publish v.
2453=publishing n.
2454=pull v., n.
2455=punch v., n.
2456=punish v.
2457=punishment n.
2458=pupil n. (especially BrE)
2459=purchase n., v.
2460=pure adj.
2461=purely adv.
2462=purple adj., n.
2463=purpose n.
2464=on purpose
2465=pursue v.
2466=push v., n.
2467=put v.
2468=put sth on
2469=put sth out
2470=qualification n.
2471=qualify v.
2472=qualified adj.
2473=quality n.
2474=quantity n.
2475=quarter n.
2476=queen n.
2477=question n., v.
2478=quick adj.
2479=quickly adv.
2480=quiet adj.
2481=quietly adv.
2482=quit v.
2483=quite adv.
2484=quote v.
2485=race n., v.
2486=racing n.
2487=radio n.
2488=rail n.
2489=railway (BrE) (NAmE railroad) n.
2490=rain n., v.
2491=raise v.
2492=range n.
2493=rank n., v.
2494=rapid adj.
2495=rapidly adv.
2496=rare adj.
2497=rarely adv.
2498=rate n., v.
2499=rather adv.
2500=rather than
2501=raw adj.
2502=re- prefix
2503=reach v.
2504=react v.
2505=reaction n.
2506=read v.
2507=reading n.
2508=reader n.
2509=ready adj.
2510=real adj.
2511=really adv.
2512=realistic adj.
2513=reality n.
2514=realize (BrE also -ise) v.
2515=really > real
2516=rear n., adj.
2517=reason n.
2518=reasonable adj.
2519=reasonably adv.
2520=unreasonable adj.
2521=recall v.
2522=receipt n.
2523=receive v.
2524=recent adj.
2525=recently adv.
2526=reception n.
2527=reckon v.
2528=recognition n.
2529=recognize (BrE also -ise) v.
2530=recommend v.
2531=record n., v.
2532=recording n.
2533=recover v.
2534=red adj., n.
2535=reduce v.
2536=reduction n.
2537=refer to v.
2538=reference n.
2539=reflect v.
2540=reform v., n.
2541=refrigerator n.
2542=refusal n.
2543=refuse v.
2544=regard v., n.
2545=regarding prep.
2546=region n.
2547=regional adj.
2548=register v., n.
2549=regret v., n.
2550=regular adj.
2551=regularly adv.
2552=regulation n.
2553=reject v.
2554=relate v.
2555=related (to) adj.
2556=relation n.
2557=relationship n.
2558=relative adj., n.
2559=relatively adv.
2560=relax v.
2561=relaxed adj.
2562=relaxing adj.
2563=release v., n.
2564=relevant adj.
2565=relief n.
2566=religion n.
2567=religious adj.
2568=rely on v.
2569=remain v.
2570=remaining adj.
2571=remains n.
2572=remark n., v.
2573=remarkable adj.
2574=remarkably adv.
2575=remember v.
2576=remind v.
2577=remote adj.
2578=removal n.
2579=remove v.
2580=rent n., v.
2581=rented adj.
2582=repair v., n.
2583=repeat v.
2584=repeated adj.
2585=repeatedly adv.
2586=replace v.
2587=reply n., v.
2588=report v., n.
2589=represent v.
2590=representative n., adj.
2591=reproduce v.
2592=reputation n.
2593=request n., v.
2594=require v.
2595=requirement n.
2596=rescue v., n.
2597=research n.
2598=reservation n.
2599=reserve v., n.
2600=resident n., adj.
2601=resist v.
2602=resistance n.
2603=resolve v.
2604=resort n.
2605=resource n.
2606=respect n., v.
2607=respond v.
2608=response n.
2609=responsibility n.
2610=responsible adj.
2611=rest n., v.
2612=the rest
2613=restaurant n.
2614=restore v.
2615=restrict v.
2616=restricted adj.
2617=restriction n.
2618=result n., v.
2619=retain v.
2620=retire v.
2621=retired adj.
2622=retirement n.
2623=return v., n.
2624=reveal v.
2625=reverse v., n.
2626=review n., v.
2627=revise v.
2628=revision n.
2629=revolution n.
2630=reward n., v.
2631=rhythm n.
2632=rice n.
2633=rich adj.
2634=rid v.: get rid of
2635=ride v., n.
2636=riding n.
2637=rider n.
2638=ridiculous adj.
2639=right adj., adv., n.
2640=rightly adv.
2641=ring n., v.
2642=rise n., v.
2643=risk n., v.
2644=rival n., adj.
2645=river n.
2646=road n.
2647=rob v.
2648=rock n.
2649=role n.
2650=roll n., v.
2651=romantic adj.
2652=roof n.
2653=room n.
2654=root n.
2655=rope n.
2656=rough adj.
2657=roughly adv.
2658=round adj., adv., prep., n.
2659=rounded adj.
2660=route n.
2661=routine n., adj.
2662=row /rəʊ, NAmE roʊ/ n.
2663=royal adj.
2664=rub v.
2665=rubber n.
2666=rubbish n. (especially BrE)
2667=rude adj.
2668=rudely adv.
2669=ruin v., n.
2670=ruined adj.
2671=rule n., v.
2672=ruler n.
2673=rumour n.
2674=run v., n.
2675=running n.
2676=runner n.
2677=rural adj.
2678=rush v., n.
2679=sack n., v.
2680=sad adj.
2681=sadly adv.
2682=sadness n.
2683=safe adj.
2684=safely adv.
2685=safety n.
2686=sail v., n.
2687=sailing n.
2688=sailor n.
2689=salad n.
2690=salary n.
2691=sale n.
2692=salt n.
2693=salty adj.
2694=same adj., pron.
2695=sample n.
2696=sand n.
2697=satisfaction n.
2698=satisfy v.
2699=satisfied adj.
2700=satisfying adj.
2701=Saturday n. (abbr. Sat.)
2702=sauce n.
2703=save v.
2704=saving n.
2705=say v.
2706=scale n.
2707=scare v., n.
2708=scared adj.
2709=scene n.
2710=schedule n., v.
2711=scheme n.
2712=school n.
2713=science n.
2714=scientific adj.
2715=scientist n.
2716=scissors n.
2717=score n., v.
2718=scratch v., n.
2719=scream v., n.
2720=screen n.
2721=screw n., v.
2722=sea n.
2723=seal n., v.
2724=search n., v.
2725=season n.
2726=seat n.
2727=second det., ordinal number, adv., n.
2728=secondary adj.
2729=secret adj., n.
2730=secretly adv.
2731=secretary n.
2732=section n.
2733=sector n.
2734=secure adj., v.
2735=security n.
2736=see v.
2737=seed n.
2738=seek v.
2739=seem linking v.
2740=select v.
2741=selection n.
2742=self n.
2743=self- combining form
2744=sell v.
2745=senate n.
2746=senator n.
2747=send v.
2748=senior adj., n.
2749=sense n.
2750=sensible adj.
2751=sensitive adj.
2752=sentence n.
2753=separate adj., v.
2754=separated adj.
2755=separately adv.
2756=separation n.
2757=September n. (abbr. Sept.)
2758=series n.
2759=serious adj.
2760=seriously adv.
2761=servant n.
2762=serve v.
2763=service n.
2764=session n.
2765=set n., v.
2766=settle v.
2767=several det., pron.
2768=severe adj.
2769=severely adv.
2770=sew v.
2771=sewing n.
2772=sex n.
2773=sexual adj.
2774=sexually adv.
2775=shade n.
2776=shadow n.
2777=shake v., n.
2778=shall modal v.
2779=shallow adj.
2780=shame n.
2781=shape n., v.
2782=shaped adj.
2783=share v., n.
2784=sharp adj.
2785=sharply adv.
2786=shave v.
2787=she pron.
2788=sheep n.
2789=sheet n.
2790=shelf n.
2791=shell n.
2792=shelter n., v.
2793=shift v., n.
2794=shine v.
2795=shiny adj.
2796=ship n.
2797=shirt n.
2798=shock n., v.
2799=shocking adj.
2800=shocked adj.
2801=shoe n.
2802=shoot v.
2803=shooting n.
2804=shop n., v.
2805=shopping n.
2806=short adj.
2807=shortly adv.
2808=shot n.
2809=should modal v.
2810=shoulder n.
2811=shout v., n.
2812=show v., n.
2813=shower n.
2814=shut v., adj.
2815=shy adj.
2816=sick adj.
2817=be sick (BrE)
2818=feel sick (especially BrE)
2819=side n.
2820=sideways adj., adv.
2821=sight n.
2822=sign n., v.
2823=signal n., v.
2824=signature n.
2825=significant adj.
2826=significantly adv.
2827=silence n.
2828=silent adj.
2829=silk n.
2830=silly adj.
2831=silver n., adj.
2832=similar adj.
2833=similarly adv.
2834=simple adj.
2835=simply adv.
2836=since prep., conj., adv.
2837=sincere adj.
2838=sincerely adv.
2839=Yours sincerely (BrE)
2840=sing v.
2841=singing n.
2842=singer n.
2843=single adj.
2844=sink v.
2845=sir n.
2846=sister n.
2847=sit v.
2848=sit down
2849=site n.
2850=situation n.
2851=size n.
2852=-sized
2853=skilful (BrE) (NAmE skillful) adj.
2854=skilfully (BrE) (NAmE skillfully) adv.
2855=skill n.
2856=skilled adj.
2857=skin n.
2858=skirt n.
2859=sky n.
2860=sleep v., n.
2861=sleeve n.
2862=slice n., v.
2863=slide v.
2864=slight adj.
2865=slightly adv.
2866=slip v.
2867=slope n., v.
2868=slow adj.
2869=slowly adv.
2870=small adj.
2871=smart adj.
2872=smash v., n.
2873=smell v., n.
2874=smile v., n.
2875=smoke n., v.
2876=smoking n.
2877=smooth adj.
2878=smoothly adv.
2879=snake n.
2880=snow n., v.
2881=so adv., conj.
2882=so that
2883=soap n.
2884=social adj.
2885=socially adv.
2886=society n.
2887=sock n.
2888=soft adj.
2889=softly adv.
2890=software n.
2891=soil n.
2892=soldier n.
2893=solid adj., n.
2894=solution n.
2895=solve v.
2896=some det., pron.
2897=somebody (also someone) pron.
2898=somehow adv.
2899=something pron.
2900=sometimes adv.
2901=somewhat adv.
2902=somewhere adv.
2903=son n.
2904=song n.
2905=soon adv.
2906=as soon as
2907=sore adj.
2908=sorry adj.
2909=sort n., v.
2910=soul n.
2911=sound n., v.
2912=soup n.
2913=sour adj.
2914=source n.
2915=south n., adj., adv.
2916=southern adj.
2917=space n.
2918=spare adj., n.
2919=speak v.
2920=spoken adj.
2921=speaker n.
2922=special adj.
2923=specially adv.
2924=specialist n.
2925=specific adj.
2926=specifically adv.
2927=speech n.
2928=speed n.
2929=spell v., n.
2930=spelling n.
2931=spend v.
2932=spice n.
2933=spicy adj.
2934=spider n.
2935=spin v.
2936=spirit n.
2937=spiritual adj.
2938=spite n.: in spite of
2939=split v., n.
2940=spoil v.
2941=spoken > speak
2942=spoon n.
2943=sport n.
2944=spot n.
2945=spray n., v.
2946=spread v.
2947=spring n.
2948=square adj., n.
2949=squeeze v., n.
2950=stable adj., n.
2951=staff n.
2952=stage n.
2953=stair n.
2954=stamp n., v.
2955=stand v., n.
2956=stand up
2957=standard n., adj.
2958=star n., v.
2959=stare v., n.
2960=start v., n.
2961=state n., adj., v.
2962=statement n.
2963=station n.
2964=statue n.
2965=status n.
2966=stay v., n.
2967=steady adj.
2968=steadily adv.
2969=unsteady adj.
2970=steal v.
2971=steam n.
2972=steel n.
2973=steep adj.
2974=steeply adv.
2975=steer v.
2976=step n., v.
2977=stick v., n.
2978=stick out
2979=sticky adj.
2980=stiff adj.
2981=stiffly adv.
2982=still adv., adj.
2983=sting v., n.
2984=stir v.
2985=stock n.
2986=stomach n.
2987=stone n.
2988=stop v., n.
2989=store n., v.
2990=storm n.
2991=story n.
2992=stove n.
2993=straight adv., adj.
2994=strain n.
2995=strange adj.
2996=strangely adv.
2997=stranger n.
2998=strategy n.
2999=stream n.
3000=street n.
3001=strength n.
3002=stress n., v.
3003=stressed adj.
3004=stretch v.
3005=strict adj.
3006=strictly adv.
3007=strike v., n.
3008=striking adj.
3009=string n.
3010=strip v., n.
3011=stripe n.
3012=striped adj.
3013=stroke n., v.
3014=strong adj.
3015=strongly adv.
3016=structure n.
3017=struggle v., n.
3018=student n.
3019=studio n.
3020=study n., v.
3021=stuff n.
3022=stupid adj.
3023=style n.
3024=subject n.
3025=substance n.
3026=substantial adj.
3027=substantially adv.
3028=substitute n., v.
3029=succeed v.
3030=success n.
3031=successful adj.
3032=successfully adv.
3033=unsuccessful adj.
3034=such det., pron.
3035=such as
3036=suck v.
3037=sudden adj.
3038=suddenly adv.
3039=suffer v.
3040=suffering n.
3041=sufficient adj.
3042=sufficiently adv.
3043=sugar n.
3044=suggest v.
3045=suggestion n.
3046=suit n., v.
3047=suited adj.
3048=suitable adj.
3049=suitcase n.
3050=sum n.
3051=summary n.
3052=summer n.
3053=sun n.
3054=Sunday n. (abbr. Sun.)
3055=superior adj.
3056=supermarket n.
3057=supply n., v.
3058=support n., v.
3059=supporter n.
3060=suppose v.
3061=sure adj., adv.
3062=make sure
3063=surely adv.
3064=surface n.
3065=surname n. (especially BrE)
3066=surprise n., v.
3067=surprising adj.
3068=surprisingly adv.
3069=surprised adj.
3070=surround v.
3071=surrounding adj.
3072=surroundings n.
3073=survey n., v.
3074=survive v.
3075=suspect v., n.
3076=suspicion n.
3077=suspicious adj.
3078=swallow v.
3079=swear v.
3080=swearing n.
3081=sweat n., v.
3082=sweater n.
3083=sweep v.
3084=sweet adj., n.
3085=swell v.
3086=swelling n.
3087=swollen adj.
3088=swim v.
3089=swimming n.
3090=swimming pool n.
3091=swing n., v.
3092=switch n., v.
3093=switch sth off
3094=switch sth on
3095=swollen > swell
3096=symbol n.
3097=sympathetic adj.
3098=sympathy n.
3099=system n.
3100=table n.
3101=tablet n.
3102=tackle v., n.
3103=tail n.
3104=take v.
3105=take sth off
3106=take (sth) over
3107=talk v., n.
3108=tall adj.
3109=tank n.
3110=tap v., n..
3111=tape n.
3112=target n.
3113=task n.
3114=taste n., v.
3115=tax n., v.
3116=taxi n.
3117=tea n.
3118=teach v.
3119=teaching n.
3120=teacher n.
3121=team n.
3122=tear /teə(r), NAmE ter/ v., n.
3123=tear /tɪə(r), NAmE tɪr/ n.
3124=technical adj.
3125=technique n.
3126=technology n.
3127=telephone (also phone) n., v.
3128=television (also TV) n.
3129=tell v.
3130=temperature n.
3131=temporary adj.
3132=temporarily adv.
3133=tend v.
3134=tendency n.
3135=tension n.
3136=tent n.
3137=term n.
3138=terrible adj.
3139=terribly adv.
3140=test n., v.
3141=text n.
3142=than prep., conj.
3143=thank v.
3144=thanks exclamation, n.
3145=thank you exclamation, n.
3146=that det., pron., conj.
3147=the definite article
3148=theatre (BrE) (NAmE theater) n.
3149=their det.
3150=theirs pron.
3151=them pron.
3152=theme n.
3153=themselves pron.
3154=then adv.
3155=theory n.
3156=there adv.
3157=therefore adv.
3158=they pron.
3159=thick adj.
3160=thickly adv.
3161=thickness n.
3162=thief n.
3163=thin adj.
3164=thing n.
3165=think v.
3166=thinking n.
3167=thirsty adj.
3168=this det., pron.
3169=thorough adj.
3170=thoroughly adv.
3171=though conj., adv.
3172=thought n.
3173=thread n.
3174=threat n.
3175=threaten v.
3176=threatening adj.
3177=throat n.
3178=through prep., adv.
3179=throughout prep., adv.
3180=throw v.
3181=throw sth away
3182=thumb n.
3183=Thursday n. (abbr. Thur., Thurs.)
3184=thus adv.
3185=ticket n.
3186=tidy adj., v.
3187=untidy adj.
3188=tie v., n.
3189=tie sth up
3190=tight adj., adv.
3191=tightly adv.
3192=till > until
3193=time n.
3194=timetable n. (especially BrE)
3195=tin n.
3196=tiny adj.
3197=tip n., v.
3198=tire v. (BrE, NAmE), n. (NAmE) (BrE tyre)
3199=tiring adj.
3200=tired adj.
3201=title n.
3202=to prep., infinitive marker
3203=today adv., n.
3204=toe n.
3205=together adv.
3206=toilet n.
3207=tomato n.
3208=tomorrow adv., n.
3209=ton n.
3210=tone n.
3211=tongue n.
3212=tonight adv., n.
3213=tonne n.
3214=too adv.
3215=tool n.
3216=tooth n.
3217=top n., adj.
3218=topic n.
3219=total adj., n.
3220=totally adv.
3221=touch v., n.
3222=tough adj.
3223=tour n., v.
3224=tourist n.
3225=towards (also toward especially in NAmE) prep.
3226=towel n.
3227=tower n.
3228=town n.
3229=toy n., adj.
3230=trace v., n.
3231=track n.
3232=trade n., v.
3233=trading n.
3234=tradition n.
3235=traditional adj.
3236=traditionally adv.
3237=traffic n.
3238=train n., v.
3239=training n.
3240=transfer v., n.
3241=transform v.
3242=translate v.
3243=translation n.
3244=transparent adj.
3245=transport n. (BrE) (NAmE transportation)
3246=transport v. (BrE, NAmE)
3247=trap n., v.
3248=travel v., n.
3249=traveller (BrE) (NAmE traveler) n.
3250=treat v.
3251=treatment n.
3252=tree n.
3253=trend n.
3254=trial n.
3255=triangle n.
3256=trick n., v.
3257=trip n., v.
3258=tropical adj.
3259=trouble n.
3260=trousers n. (especially BrE)
3261=truck n. (especially NAmE)
3262=true adj.
3263=truly adv.
3264=Yours Truly (NAmE)
3265=trust n., v.
3266=truth n.
3267=try v.
3268=tube n.
3269=Tuesday n. (abbr. Tue., Tues.)
3270=tune n., v.
3271=tunnel n.
3272=turn v., n.
3273=TV > television
3274=twice adv.
3275=twin n., adj.
3276=twist v., n.
3277=twisted adj.
3278=type n., v.
3279=typical adj.
3280=typically adv.
3281=tyre n. (BrE) (NAmE tire)
3282=ugly adj.
3283=ultimate adj.
3284=ultimately adv.
3285=umbrella n.
3286=unable > able
3287=unacceptable > acceptable
3288=uncertain > certain
3289=uncle n.
3290=uncomfortable > comfortable
3291=unconscious > conscious
3292=uncontrolled > control
3293=under prep., adv.
3294=underground adj., adv.
3295=underneath prep., adv.
3296=understand v.
3297=understanding n.
3298=underwater adj., adv.
3299=underwear n.
3300=undo > do
3301=unemployed > employ
3302=unemployment > employment
3303=unexpected, unexpectedly > expect
3304=unfair, unfairly > fair
3305=unfortunate adj.
3306=unfortunately adv.
3307=unfriendly > friendly
3308=unhappiness > happiness
3309=unhappy > happy
3310=uniform n., adj.
3311=unimportant > important
3312=union n.
3313=unique adj.
3314=unit n.
3315=unite v.
3316=united adj.
3317=universe n.
3318=university n.
3319=unkind > kind
3320=unknown > know
3321=unless conj.
3322=unlike > like
3323=unlikely > likely
3324=unload > load
3325=unlucky > lucky
3326=unnecessary > necessary
3327=unpleasant > pleasant
3328=unreasonable > reasonable
3329=unsteady > steady
3330=unsuccessful > successful
3331=untidy > tidy
3332=until (also till) conj., prep.
3333=unusual, unusually > usual
3334=unwilling, unwillingly > willing
3335=up adv., prep.
3336=upon prep.
3337=upper adj.
3338=upset v., adj.
3339=upsetting adj.
3340=upside down adv.
3341=upstairs adv., adj., n.
3342=upwards (also upward especially in NAmE) adv.
3343=upward adj.
3344=urban adj.
3345=urge v., n.
3346=urgent adj.
3347=us pron.
3348=use v., n.
3349=used adj.
3350=used to sth/to doing sth
3351=used to modal v.
3352=useful adj.
3353=useless adj.
3354=user n.
3355=usual adj.
3356=usually adv.
3357=unusual adj.
3358=unusually adv.
3359=vacation n.
3360=valid adj.
3361=valley n.
3362=valuable adj.
3363=value n., v.
3364=van n.
3365=variation n.
3366=variety n.
3367=various adj.
3368=vary v.
3369=varied adj.
3370=vast adj.
3371=vegetable n.
3372=vehicle n.
3373=venture n., v.
3374=version n.
3375=vertical adj.
3376=very adv.
3377=via prep.
3378=victim n.
3379=victory n.
3380=video n.
3381=view n., v.
3382=village n.
3383=violence n.
3384=violent adj.
3385=violently adv.
3386=virtually adv.
3387=virus n.
3388=visible adj.
3389=vision n.
3390=visit v., n.
3391=visitor n.
3392=vital adj.
3393=vocabulary n.
3394=voice n.
3395=volume n.
3396=vote n., v.
3397=wage n.
3398=waist n.
3399=wait v.
3400=waiter, waitress n.
3401=wake (up) v.
3402=walk v., n.
3403=walking n.
3404=wall n.
3405=wallet n.
3406=wander v., n.
3407=want v.
3408=war n.
3409=warm adj., v.
3410=warmth n.
3411=warn v.
3412=warning n.
3413=wash v.
3414=washing n.
3415=waste v., n., adj.
3416=watch v., n.
3417=water n.
3418=wave n., v.
3419=way n.
3420=we pron.
3421=weak adj.
3422=weakness n.
3423=wealth n.
3424=weapon n.
3425=wear v.
3426=weather n.
3427=web n.
3428=the Web n.
3429=website n.
3430=wedding n.
3431=Wednesday n. (abbr. Wed., Weds.)
3432=week n.
3433=weekend n.
3434=weekly adj.
3435=weigh v.
3436=weight n.
3437=welcome v., adj., n., exclamation
3438=well adv., adj., exclamation
3439=as well (as)
3440=well known > know
3441=west n., adj., adv.
3442=western adj.
3443=wet adj.
3444=what pron., det.
3445=whatever det., pron.
3446=wheel n.
3447=when adv., pron., conj.
3448=whenever conj.
3449=where adv., conj.
3450=whereas conj.
3451=wherever conj.
3452=whether conj.
3453=which pron., det.
3454=while conj., n.
3455=whilst conj. (especially BrE)
3456=whisper v., n.
3457=whistle n., v.
3458=white adj., n.
3459=who pron.
3460=whoever pron.
3461=whole adj., n.
3462=whom pron.
3463=whose det., pron.
3464=why adv.
3465=wide adj.
3466=widely adv.
3467=width n.
3468=wife n.
3469=wild adj.
3470=wildly adv.
3471=will modal v., n.
3472=willing adj.
3473=willingly adv.
3474=unwilling adj.
3475=unwillingly adv.
3476=willingness n.
3477=win v.
3478=winning adj.
3479=wind /waɪnd/ v.
3480=wind sth up
3481=wind /wɪnd/ n.
3482=window n.
3483=wine n.
3484=wing n.
3485=winner n.
3486=winter n.
3487=wire n.
3488=wise adj.
3489=wish v., n.
3490=with prep.
3491=withdraw v.
3492=within prep.
3493=without prep.
3494=witness n., v.
3495=woman n.
3496=wonder v.
3497=wonderful adj.
3498=wood n.
3499=wooden adj.
3500=wool n.
3501=word n.
3502=work v., n.
3503=working adj.
3504=worker n.
3505=world n.
3506=worry v., n.
3507=worrying adj.
3508=worried adj.
3509=worse, worst > bad
3510=worship n., v.
3511=worth adj.
3512=would modal v.
3513=wound n., v.
3514=wounded adj.
3515=wrap v.
3516=wrapping n.
3517=wrist n.
3518=write v.
3519=writing n.
3520=written adj.
3521=writer n.
3522=wrong adj., adv.
3523=go wrong
3524=wrongly adv.
3525=yard n.
3526=yawn v., n.
3527=yeah exclamation
3528=year n.
3529=yellow adj., n.
3530=yes exclamation, n.
3531=yesterday adv., n.
3532=yet adv., conj.
3533=you pron.
3534=young adj.
3535=your det.
3536=yours pron.
3537=yourself pron.
3538=youth n.
3539=zero number
3540=zone n.
